Service Domain ID,Service Domain Name,Focus Object,Applicability,Primary Control Record Candidate,Rationale,Stateful,Business Object Available,Service Operations Available,Business Events Available,Scenarios Available,Recommended Action,Review Status
RAIA-SD-001,"Política del Sistema de Ahorro para el Retiro","Objeto de Política del Sistema de Ahorro para el Retiro",primary-control-record,Yes,"Administra una transacción u objeto lógico de negocio crítico con estados definidos por ley.",Yes,Yes,Yes,Yes,Yes,CREATE,validated
RAIA-SD-002,"Estrategia de Industria","Objeto de Estrategia de Industria",stateless-capability,No,"El Service Domain ejecuta validaciones o consultas operativas sin persistir un ciclo de vida propio.",No,Yes,Yes,Yes,Yes,MARK_STATELESS,validated
RAIA-SD-003,"Planeación Sectorial","Objeto de Planeación Sectorial",stateless-capability,No,"El Service Domain ejecuta validaciones o consultas operativas sin persistir un ciclo de vida propio.",No,Yes,Yes,Yes,Yes,MARK_STATELESS,validated
RAIA-SD-004,"Gestión de Capacidades de Industria","Objeto de Gestión de Capacidades de Industria",stateless-capability,No,"El Service Domain ejecuta validaciones o consultas operativas sin persistir un ciclo de vida propio.",No,Yes,Yes,Yes,Yes,MARK_STATELESS,validated
RAIA-SD-005,"Gestión del Modelo Operativo","Objeto de Gestión del Modelo Operativo",stateless-capability,No,"El Service Domain ejecuta validaciones o consultas operativas sin persistir un ciclo de vida propio.",No,Yes,Yes,Yes,Yes,MARK_STATELESS,validated
RAIA-SD-006,"Gestión de Resultados del SAR","Objeto de Gestión de Resultados del SAR",stateless-capability,No,"El Service Domain ejecuta validaciones o consultas operativas sin persistir un ciclo de vida propio.",No,Yes,Yes,Yes,Yes,MARK_STATELESS,validated
RAIA-SD-007,"Gestión del Marco Regulatorio","Objeto de Gestión del Marco Regulatorio",stateless-capability,No,"El Service Domain ejecuta validaciones o consultas operativas sin persistir un ciclo de vida propio.",No,Yes,Yes,Yes,Yes,MARK_STATELESS,validated
RAIA-SD-008,"Gestión del Cambio Regulatorio","Objeto de Gestión del Cambio Regulatorio",stateless-capability,No,"El Service Domain ejecuta validaciones o consultas operativas sin persistir un ciclo de vida propio.",No,Yes,Yes,Yes,Yes,MARK_STATELESS,validated
RAIA-SD-009,"Autorización de Participantes","Objeto de Autorización de Participantes",stateless-capability,No,"El Service Domain ejecuta validaciones o consultas operativas sin persistir un ciclo de vida propio.",No,Yes,Yes,Yes,Yes,MARK_STATELESS,validated
RAIA-SD-010,"Autorización de AFORE y SIEFORE","Objeto de Autorización de AFORE y SIEFORE",stateless-capability,No,"El Service Domain ejecuta validaciones o consultas operativas sin persistir un ciclo de vida propio.",No,Yes,Yes,Yes,Yes,MARK_STATELESS,validated
RAIA-SD-011,"Gestión Regulatoria de Comisiones","Objeto de Gestión Regulatoria de Comisiones",stateless-capability,No,"El Service Domain ejecuta validaciones o consultas operativas sin persistir un ciclo de vida propio.",No,Yes,Yes,Yes,Yes,MARK_STATELESS,validated
RAIA-SD-012,"Gestión de Criterios y Consultas Normativas","Objeto de Gestión de Criterios y Consultas Normativas",stateless-capability,No,"El Service Domain ejecuta validaciones o consultas operativas sin persistir un ciclo de vida propio.",No,Yes,Yes,Yes,Yes,MARK_STATELESS,validated
RAIA-SD-013,"Gobierno Corporativo","Objeto de Gobierno Corporativo",stateless-capability,No,"El Service Domain ejecuta validaciones o consultas operativas sin persistir un ciclo de vida propio.",No,Yes,Yes,Yes,Yes,MARK_STATELESS,validated
RAIA-SD-014,"Gestión de Portafolio de Industria","Objeto de Gestión de Portafolio de Industria",stateless-capability,No,"El Service Domain ejecuta validaciones o consultas operativas sin persistir un ciclo de vida propio.",No,Yes,Yes,Yes,Yes,MARK_STATELESS,validated
RAIA-SD-015,"Gestión de Beneficios","Objeto de Gestión de Beneficios",stateless-capability,No,"El Service Domain ejecuta validaciones o consultas operativas sin persistir un ciclo de vida propio.",No,Yes,Yes,Yes,Yes,MARK_STATELESS,validated
RAIA-SD-016,"Métricas del Sistema","Objeto de Métricas del Sistema",stateless-capability,No,"El Service Domain ejecuta validaciones o consultas operativas sin persistir un ciclo de vida propio.",No,Yes,Yes,Yes,Yes,MARK_STATELESS,validated
RAIA-SD-017,"Transparencia Sectorial","Objeto de Transparencia Sectorial",stateless-capability,No,"El Service Domain ejecuta validaciones o consultas operativas sin persistir un ciclo de vida propio.",No,Yes,Yes,Yes,Yes,MARK_STATELESS,validated
RAIA-SD-018,"Gestión de Stakeholders del SAR","Objeto de Gestión de Stakeholders del SAR",stateless-capability,No,"El Service Domain ejecuta validaciones o consultas operativas sin persistir un ciclo de vida propio.",No,Yes,Yes,Yes,Yes,MARK_STATELESS,validated
RAIA-SD-019,"Supervisión Regulatoria","Objeto de Supervisión Regulatoria",stateless-capability,No,"El Service Domain ejecuta validaciones o consultas operativas sin persistir un ciclo de vida propio.",No,Yes,Yes,Yes,Yes,MARK_STATELESS,validated
RAIA-SD-022,"Inspección Regulatoria","Objeto de Inspección Regulatoria",stateless-capability,No,"El Service Domain ejecuta validaciones o consultas operativas sin persistir un ciclo de vida propio.",No,Yes,Yes,Yes,Yes,MARK_STATELESS,validated
RAIA-SD-024,"Información Regulatoria","Objeto de Información Regulatoria",stateless-capability,No,"El Service Domain ejecuta validaciones o consultas operativas sin persistir un ciclo de vida propio.",No,Yes,Yes,Yes,Yes,MARK_STATELESS,validated
RAIA-SD-025,"Atención de Requerimientos Regulatorios","Objeto de Atención de Requerimientos Regulatorios",stateless-capability,No,"El Service Domain ejecuta validaciones o consultas operativas sin persistir un ciclo de vida propio.",No,Yes,Yes,Yes,Yes,MARK_STATELESS,validated
RAIA-SD-026,"Programas Correctivos","Objeto de Programas Correctivos",stateless-capability,No,"El Service Domain ejecuta validaciones o consultas operativas sin persistir un ciclo de vida propio.",No,Yes,Yes,Yes,Yes,MARK_STATELESS,validated
RAIA-SD-027,"Gestión de Sanciones","Objeto de Gestión de Sanciones",stateless-capability,No,"El Service Domain ejecuta validaciones o consultas operativas sin persistir un ciclo de vida propio.",No,Yes,Yes,Yes,Yes,MARK_STATELESS,validated
RAIA-SD-028,"Seguimiento de Hallazgos","Objeto de Seguimiento de Hallazgos",stateless-capability,No,"El Service Domain ejecuta validaciones o consultas operativas sin persistir un ciclo de vida propio.",No,Yes,Yes,Yes,Yes,MARK_STATELESS,validated
RAIA-SD-029,"Gestión de Riesgo Empresarial","Objeto de Gestión de Riesgo Empresarial",stateless-capability,No,"El Service Domain ejecuta validaciones o consultas operativas sin persistir un ciclo de vida propio.",No,Yes,Yes,Yes,Yes,MARK_STATELESS,validated
RAIA-SD-030,"Gestión de Riesgo Operacional","Objeto de Gestión de Riesgo Operacional",primary-control-record,Yes,"Administra una transacción u objeto lógico de negocio crítico con estados definidos por ley.",Yes,Yes,Yes,Yes,Yes,CREATE,validated
RAIA-SD-032,"Cumplimiento Normativo","Objeto de Cumplimiento Normativo",supporting-control-record,No,"Monitorea o resguarda información auxiliar de control para trazabilidad de auditoría.",Yes,Yes,Yes,Yes,Yes,LINK_EXISTING,validated
RAIA-SD-033,"Prevención de Lavado de Dinero y Financiamiento al Terrorismo","Objeto de Prevención de Lavado de Dinero y Financiamiento al Terrorismo",stateless-capability,No,"El Service Domain ejecuta validaciones o consultas operativas sin persistir un ciclo de vida propio.",No,Yes,Yes,Yes,Yes,MARK_STATELESS,validated
RAIA-SD-034,"Prevención y Gestión de Fraude","Objeto de Prevención y Gestión de Fraude",stateless-capability,No,"El Service Domain ejecuta validaciones o consultas operativas sin persistir un ciclo de vida propio.",No,Yes,Yes,Yes,Yes,MARK_STATELESS,validated
RAIA-SD-035,"Gestión de Riesgo de Terceros","Objeto de Gestión de Riesgo de Terceros",stateless-capability,No,"El Service Domain ejecuta validaciones o consultas operativas sin persistir un ciclo de vida propio.",No,Yes,Yes,Yes,Yes,MARK_STATELESS,validated
RAIA-SD-036,"Gestión de Conflictos de Interés","Objeto de Gestión de Conflictos de Interés",stateless-capability,No,"El Service Domain ejecuta validaciones o consultas operativas sin persistir un ciclo de vida propio.",No,Yes,Yes,Yes,Yes,MARK_STATELESS,validated
RAIA-SD-037,"Continuidad de Negocio","Objeto de Continuidad de Negocio",stateless-capability,No,"El Service Domain ejecuta validaciones o consultas operativas sin persistir un ciclo de vida propio.",No,Yes,Yes,Yes,Yes,MARK_STATELESS,validated
RAIA-SD-038,"Recuperación ante Desastres","Objeto de Recuperación ante Desastres",stateless-capability,No,"El Service Domain ejecuta validaciones o consultas operativas sin persistir un ciclo de vida propio.",No,Yes,Yes,Yes,Yes,MARK_STATELESS,validated
RAIA-SD-039,"Ciberseguridad","Objeto de Ciberseguridad",stateless-capability,No,"El Service Domain ejecuta validaciones o consultas operativas sin persistir un ciclo de vida propio.",No,Yes,Yes,Yes,Yes,MARK_STATELESS,validated
RAIA-SD-041,"Seguridad de la Información","Objeto de Seguridad de la Información",stateless-capability,No,"El Service Domain ejecuta validaciones o consultas operativas sin persistir un ciclo de vida propio.",No,Yes,Yes,Yes,Yes,MARK_STATELESS,validated
RAIA-SD-042,"Auditoría Interna","Objeto de Auditoría Interna",stateless-capability,No,"El Service Domain ejecuta validaciones o consultas operativas sin persistir un ciclo de vida propio.",No,Yes,Yes,Yes,Yes,MARK_STATELESS,validated
RAIA-SD-043,"Gestión de Incidentes Mayores","Objeto de Gestión de Incidentes Mayores",stateless-capability,No,"El Service Domain ejecuta validaciones o consultas operativas sin persistir un ciclo de vida propio.",No,Yes,Yes,Yes,Yes,MARK_STATELESS,validated
RAIA-SD-044,"Pruebas de Resiliencia Operacional","Objeto de Pruebas de Resiliencia Operacional",primary-control-record,Yes,"Administra una transacción u objeto lógico de negocio crítico con estados definidos por ley.",Yes,Yes,Yes,Yes,Yes,CREATE,validated
RAIA-SD-020,"Datos del Trabajador","Objeto de Datos del Trabajador",stateless-capability,No,"El Service Domain ejecuta validaciones o consultas operativas sin persistir un ciclo de vida propio.",No,Yes,Yes,Yes,Yes,MARK_STATELESS,validated
RAIA-SD-047,"Datos de Beneficiarios","Objeto de Datos de Beneficiarios",stateless-capability,No,"El Service Domain ejecuta validaciones o consultas operativas sin persistir un ciclo de vida propio.",No,Yes,Yes,Yes,Yes,MARK_STATELESS,validated
RAIA-SD-048,"Datos del Patrón","Objeto de Datos del Patrón",stateless-capability,No,"El Service Domain ejecuta validaciones o consultas operativas sin persistir un ciclo de vida propio.",No,Yes,Yes,Yes,Yes,MARK_STATELESS,validated
RAIA-SD-049,"Datos de Dependencias Públicas","Objeto de Datos de Dependencias Públicas",stateless-capability,No,"El Service Domain ejecuta validaciones o consultas operativas sin persistir un ciclo de vida propio.",No,Yes,Yes,Yes,Yes,MARK_STATELESS,validated
RAIA-SD-050,"Directorio de Participantes del SAR","Objeto de Directorio de Participantes del SAR",reference-information,No,"Mantiene datos de referencia estáticos o parámetros regulados sectoriales.",No,Yes,Yes,Yes,Yes,MARK_REFERENCE,validated
RAIA-SD-051,"Gestión de Contacto y Domicilio","Objeto de Gestión de Contacto y Domicilio",stateless-capability,No,"El Service Domain ejecuta validaciones o consultas operativas sin persistir un ciclo de vida propio.",No,Yes,Yes,Yes,Yes,MARK_STATELESS,validated
RAIA-SD-052,"Gestión de Relaciones entre Partes","Objeto de Gestión de Relaciones entre Partes",stateless-capability,No,"El Service Domain ejecuta validaciones o consultas operativas sin persistir un ciclo de vida propio.",No,Yes,Yes,Yes,Yes,MARK_STATELESS,validated
RAIA-SD-021,"Resolución de Identidad","Objeto de Resolución de Identidad",primary-control-record,Yes,"Administra una transacción u objeto lógico de negocio crítico con estados definidos por ley.",Yes,Yes,Yes,Yes,Yes,CREATE,validated
RAIA-SD-053,"Gestión de CURP, NSS y RFC","Objeto de Gestión de CURP, NSS y RFC",stateless-capability,No,"El Service Domain ejecuta validaciones o consultas operativas sin persistir un ciclo de vida propio.",No,Yes,Yes,Yes,Yes,MARK_STATELESS,validated
RAIA-SD-023,"Identidad Biométrica","Objeto de Identidad Biométrica",primary-control-record,Yes,"Administra una transacción u objeto lógico de negocio crítico con estados definidos por ley.",Yes,Yes,Yes,Yes,Yes,CREATE,validated
RAIA-SD-054,"Autenticación del Trabajador","Objeto de Autenticación del Trabajador",stateless-capability,No,"El Service Domain ejecuta validaciones o consultas operativas sin persistir un ciclo de vida propio.",No,Yes,Yes,Yes,Yes,MARK_STATELESS,validated
RAIA-SD-055,"Gestión de Derechos de Acceso","Objeto de Gestión de Derechos de Acceso",stateless-capability,No,"El Service Domain ejecuta validaciones o consultas operativas sin persistir un ciclo de vida propio.",No,Yes,Yes,Yes,Yes,MARK_STATELESS,validated
RAIA-SD-056,"Gestión de Consentimiento","Objeto de Gestión de Consentimiento",stateless-capability,No,"El Service Domain ejecuta validaciones o consultas operativas sin persistir un ciclo de vida propio.",No,Yes,Yes,Yes,Yes,MARK_STATELESS,validated
RAIA-SD-057,"Prueba de Vida","Objeto de Prueba de Vida",stateless-capability,No,"El Service Domain ejecuta validaciones o consultas operativas sin persistir un ciclo de vida propio.",No,Yes,Yes,Yes,Yes,MARK_STATELESS,validated
RAIA-SD-058,"Gestión de Representación Legal","Objeto de Gestión de Representación Legal",stateless-capability,No,"El Service Domain ejecuta validaciones o consultas operativas sin persistir un ciclo de vida propio.",No,Yes,Yes,Yes,Yes,MARK_STATELESS,validated
RAIA-SD-031,"Expediente Electrónico","Objeto de Expediente Electrónico",stateless-capability,No,"El Service Domain ejecuta validaciones o consultas operativas sin persistir un ciclo de vida propio.",No,Yes,Yes,Yes,Yes,MARK_STATELESS,validated
RAIA-SD-059,"Gestión Documental","Objeto de Gestión Documental",stateless-capability,No,"El Service Domain ejecuta validaciones o consultas operativas sin persistir un ciclo de vida propio.",No,Yes,Yes,Yes,Yes,MARK_STATELESS,validated
RAIA-SD-060,"Evidencia Digital","Objeto de Evidencia Digital",supporting-control-record,No,"Monitorea o resguarda información auxiliar de control para trazabilidad de auditoría.",Yes,Yes,Yes,Yes,Yes,LINK_EXISTING,validated
RAIA-SD-061,"Firma Electrónica y No Repudio","Objeto de Firma Electrónica y No Repudio",stateless-capability,No,"El Service Domain ejecuta validaciones o consultas operativas sin persistir un ciclo de vida propio.",No,Yes,Yes,Yes,Yes,MARK_STATELESS,validated
RAIA-SD-062,"Conservación de Registros","Objeto de Conservación de Registros",primary-control-record,Yes,"Administra una transacción u objeto lógico de negocio crítico con estados definidos por ley.",Yes,Yes,Yes,Yes,Yes,CREATE,validated
RAIA-SD-063,"Corrección de Datos","Objeto de Corrección de Datos",stateless-capability,No,"El Service Domain ejecuta validaciones o consultas operativas sin persistir un ciclo de vida propio.",No,Yes,Yes,Yes,Yes,MARK_STATELESS,validated
RAIA-SD-064,"Trazabilidad y Bitácora de Auditoría","Objeto de Trazabilidad y Bitácora de Auditoría",stateless-capability,No,"El Service Domain ejecuta validaciones o consultas operativas sin persistir un ciclo de vida propio.",No,Yes,Yes,Yes,Yes,MARK_STATELESS,validated
RAIA-SD-065,"Localización de Cuenta","Objeto de Localización de Cuenta",primary-control-record,Yes,"Administra una transacción u objeto lógico de negocio crítico con estados definidos por ley.",Yes,Yes,Yes,Yes,Yes,CREATE,validated
RAIA-SD-040,"Registro en AFORE","Objeto de Registro en AFORE",primary-control-record,Yes,"Administra una transacción u objeto lógico de negocio crítico con estados definidos por ley.",Yes,Yes,Yes,Yes,Yes,CREATE,validated
RAIA-SD-066,"Asignación de Cuenta","Objeto de Asignación de Cuenta",primary-control-record,Yes,"Administra una transacción u objeto lógico de negocio crítico con estados definidos por ley.",Yes,Yes,Yes,Yes,Yes,CREATE,validated
RAIA-SD-067,"Reasignación de Cuenta","Objeto de Reasignación de Cuenta",primary-control-record,Yes,"Administra una transacción u objeto lógico de negocio crítico con estados definidos por ley.",Yes,Yes,Yes,Yes,Yes,CREATE,validated
RAIA-SD-068,"Recertificación de Cuenta","Objeto de Recertificación de Cuenta",primary-control-record,Yes,"Administra una transacción u objeto lógico de negocio crítico con estados definidos por ley.",Yes,Yes,Yes,Yes,Yes,CREATE,validated
RAIA-SD-069,"Activación de Cuenta","Objeto de Activación de Cuenta",primary-control-record,Yes,"Administra una transacción u objeto lógico de negocio crítico con estados definidos por ley.",Yes,Yes,Yes,Yes,Yes,CREATE,validated
RAIA-SD-070,"Gestión de Afiliación","Objeto de Gestión de Afiliación",stateless-capability,No,"El Service Domain ejecuta validaciones o consultas operativas sin persistir un ciclo de vida propio.",No,Yes,Yes,Yes,Yes,MARK_STATELESS,validated
RAIA-SD-045,"Traspaso de Cuenta","Solicitud de Traspaso",primary-control-record,Yes,"Administra una transacción u objeto lógico de negocio crítico con estados definidos por ley.",Yes,Yes,Yes,Yes,Yes,CREATE,validated
RAIA-SD-071,"Cancelación de Traspaso","Objeto de Cancelación de Traspaso",primary-control-record,Yes,"Administra una transacción u objeto lógico de negocio crítico con estados definidos por ley.",Yes,Yes,Yes,Yes,Yes,CREATE,validated
RAIA-SD-072,"Unificación de Cuentas","Objeto de Unificación de Cuentas",primary-control-record,Yes,"Administra una transacción u objeto lógico de negocio crítico con estados definidos por ley.",Yes,Yes,Yes,Yes,Yes,CREATE,validated
RAIA-SD-073,"Separación de Cuentas","Objeto de Separación de Cuentas",primary-control-record,Yes,"Administra una transacción u objeto lógico de negocio crítico con estados definidos por ley.",Yes,Yes,Yes,Yes,Yes,CREATE,validated
RAIA-SD-074,"Inactivación de Cuenta","Objeto de Inactivación de Cuenta",primary-control-record,Yes,"Administra una transacción u objeto lógico de negocio crítico con estados definidos por ley.",Yes,Yes,Yes,Yes,Yes,CREATE,validated
RAIA-SD-075,"Registro de Fallecimiento","Objeto de Registro de Fallecimiento",primary-control-record,Yes,"Administra una transacción u objeto lógico de negocio crítico con estados definidos por ley.",Yes,Yes,Yes,Yes,Yes,CREATE,validated
RAIA-SD-076,"Recuperación de Cuenta","Objeto de Recuperación de Cuenta",primary-control-record,Yes,"Administra una transacción u objeto lógico de negocio crítico con estados definidos por ley.",Yes,Yes,Yes,Yes,Yes,CREATE,validated
RAIA-SD-077,"Regularización de Cuenta","Objeto de Regularización de Cuenta",primary-control-record,Yes,"Administra una transacción u objeto lógico de negocio crítico con estados definidos por ley.",Yes,Yes,Yes,Yes,Yes,CREATE,validated
RAIA-SD-046,"Libro Mayor de Cuenta Individual","Objeto de Libro Mayor de Cuenta Individual",primary-control-record,Yes,"Administra una transacción u objeto lógico de negocio crítico con estados definidos por ley.",Yes,Yes,Yes,Yes,Yes,CREATE,validated
RAIA-SD-078,"Administración de Subcuentas","Objeto de Administración de Subcuentas",primary-control-record,Yes,"Administra una transacción u objeto lógico de negocio crítico con estados definidos por ley.",Yes,Yes,Yes,Yes,Yes,CREATE,validated
RAIA-SD-079,"Gestión de Saldos","Objeto de Gestión de Saldos",stateless-capability,No,"El Service Domain ejecuta validaciones o consultas operativas sin persistir un ciclo de vida propio.",No,Yes,Yes,Yes,Yes,MARK_STATELESS,validated
RAIA-SD-080,"Registro de Movimientos","Objeto de Registro de Movimientos",primary-control-record,Yes,"Administra una transacción u objeto lógico de negocio crítico con estados definidos por ley.",Yes,Yes,Yes,Yes,Yes,CREATE,validated
RAIA-SD-081,"Asignación de Acciones","Objeto de Asignación de Acciones",stateless-capability,No,"El Service Domain ejecuta validaciones o consultas operativas sin persistir un ciclo de vida propio.",No,Yes,Yes,Yes,Yes,MARK_STATELESS,validated
RAIA-SD-082,"Asignación de Rendimientos","Objeto de Asignación de Rendimientos",stateless-capability,No,"El Service Domain ejecuta validaciones o consultas operativas sin persistir un ciclo de vida propio.",No,Yes,Yes,Yes,Yes,MARK_STATELESS,validated
RAIA-SD-083,"Cálculo y Aplicación de Comisiones","Objeto de Cálculo y Aplicación de Comisiones",stateless-capability,No,"El Service Domain ejecuta validaciones o consultas operativas sin persistir un ciclo de vida propio.",No,Yes,Yes,Yes,Yes,MARK_STATELESS,validated
RAIA-SD-084,"Ajustes de Cuenta","Objeto de Ajustes de Cuenta",primary-control-record,Yes,"Administra una transacción u objeto lógico de negocio crítico con estados definidos por ley.",Yes,Yes,Yes,Yes,Yes,CREATE,validated
RAIA-SD-085,"Estado de Cuenta","Objeto de Estado de Cuenta",primary-control-record,Yes,"Administra una transacción u objeto lógico de negocio crítico con estados definidos por ley.",Yes,Yes,Yes,Yes,Yes,CREATE,validated
RAIA-SD-086,"Historial Transaccional","Objeto de Historial Transaccional",stateless-capability,No,"El Service Domain ejecuta validaciones o consultas operativas sin persistir un ciclo de vida propio.",No,Yes,Yes,Yes,Yes,MARK_STATELESS,validated
RAIA-SD-087,"Recursos SAR Legacy","Objeto de Recursos SAR Legacy",stateless-capability,No,"El Service Domain ejecuta validaciones o consultas operativas sin persistir un ciclo de vida propio.",No,Yes,Yes,Yes,Yes,MARK_STATELESS,validated
RAIA-SD-088,"Conciliación de Cuenta Individual","Objeto de Conciliación de Cuenta Individual",primary-control-record,Yes,"Administra una transacción u objeto lógico de negocio crítico con estados definidos por ley.",Yes,Yes,Yes,Yes,Yes,CREATE,validated
RAIA-SD-089,"Determinación de Aportaciones","Objeto de Determinación de Aportaciones",primary-control-record,Yes,"Administra una transacción u objeto lógico de negocio crítico con estados definidos por ley.",Yes,Yes,Yes,Yes,Yes,CREATE,validated
RAIA-SD-090,"Recaudación de Aportaciones Patronales","Objeto de Recaudación de Aportaciones Patronales",primary-control-record,Yes,"Administra una transacción u objeto lógico de negocio crítico con estados definidos por ley.",Yes,Yes,Yes,Yes,Yes,CREATE,validated
RAIA-SD-091,"Recaudación de Aportaciones Gubernamentales","Objeto de Recaudación de Aportaciones Gubernamentales",primary-control-record,Yes,"Administra una transacción u objeto lógico de negocio crítico con estados definidos por ley.",Yes,Yes,Yes,Yes,Yes,CREATE,validated
RAIA-SD-092,"Registro de Aportaciones de Vivienda","Objeto de Registro de Aportaciones de Vivienda",primary-control-record,Yes,"Administra una transacción u objeto lógico de negocio crítico con estados definidos por ley.",Yes,Yes,Yes,Yes,Yes,CREATE,validated
RAIA-SD-093,"Cuota Social","Objeto de Cuota Social",stateless-capability,No,"El Service Domain ejecuta validaciones o consultas operativas sin persistir un ciclo de vida propio.",No,Yes,Yes,Yes,Yes,MARK_STATELESS,validated
RAIA-SD-094,"Gestión de Aportaciones Omitidas","Objeto de Gestión de Aportaciones Omitidas",primary-control-record,Yes,"Administra una transacción u objeto lógico de negocio crítico con estados definidos por ley.",Yes,Yes,Yes,Yes,Yes,CREATE,validated
RAIA-SD-095,"Gestión de Morosidad de Aportaciones","Objeto de Gestión de Morosidad de Aportaciones",primary-control-record,Yes,"Administra una transacción u objeto lógico de negocio crítico con estados definidos por ley.",Yes,Yes,Yes,Yes,Yes,CREATE,validated
RAIA-SD-096,"Aportaciones Voluntarias","Objeto de Aportaciones Voluntarias",primary-control-record,Yes,"Administra una transacción u objeto lógico de negocio crítico con estados definidos por ley.",Yes,Yes,Yes,Yes,Yes,CREATE,validated
RAIA-SD-097,"Aportaciones Complementarias","Objeto de Aportaciones Complementarias",primary-control-record,Yes,"Administra una transacción u objeto lógico de negocio crítico con estados definidos por ley.",Yes,Yes,Yes,Yes,Yes,CREATE,validated
RAIA-SD-098,"Ahorro de Largo Plazo","Objeto de Ahorro de Largo Plazo",stateless-capability,No,"El Service Domain ejecuta validaciones o consultas operativas sin persistir un ciclo de vida propio.",No,Yes,Yes,Yes,Yes,MARK_STATELESS,validated
RAIA-SD-099,"Ahorro Solidario","Objeto de Ahorro Solidario",stateless-capability,No,"El Service Domain ejecuta validaciones o consultas operativas sin persistir un ciclo de vida propio.",No,Yes,Yes,Yes,Yes,MARK_STATELESS,validated
RAIA-SD-100,"Aportaciones de Trabajadores Independientes","Objeto de Aportaciones de Trabajadores Independientes",primary-control-record,Yes,"Administra una transacción u objeto lógico de negocio crítico con estados definidos por ley.",Yes,Yes,Yes,Yes,Yes,CREATE,validated
RAIA-SD-101,"Aportaciones Voluntarias vía Nómina","Objeto de Aportaciones Voluntarias vía Nómina",primary-control-record,Yes,"Administra una transacción u objeto lógico de negocio crítico con estados definidos por ley.",Yes,Yes,Yes,Yes,Yes,CREATE,validated
RAIA-SD-102,"Domiciliación de Ahorro Voluntario","Objeto de Domiciliación de Ahorro Voluntario",stateless-capability,No,"El Service Domain ejecuta validaciones o consultas operativas sin persistir un ciclo de vida propio.",No,Yes,Yes,Yes,Yes,MARK_STATELESS,validated
RAIA-SD-103,"Individualización de Aportaciones","Objeto de Individualización de Aportaciones",primary-control-record,Yes,"Administra una transacción u objeto lógico de negocio crítico con estados definidos por ley.",Yes,Yes,Yes,Yes,Yes,CREATE,validated
RAIA-SD-104,"Resolución de Pagos No Identificados","Objeto de Resolución de Pagos No Identificados",stateless-capability,No,"El Service Domain ejecuta validaciones o consultas operativas sin persistir un ciclo de vida propio.",No,Yes,Yes,Yes,Yes,MARK_STATELESS,validated
RAIA-SD-105,"Conciliación de Recaudación","Objeto de Conciliación de Recaudación",stateless-capability,No,"El Service Domain ejecuta validaciones o consultas operativas sin persistir un ciclo de vida propio.",No,Yes,Yes,Yes,Yes,MARK_STATELESS,validated
RAIA-SD-106,"Corrección de Aportaciones","Objeto de Corrección de Aportaciones",primary-control-record,Yes,"Administra una transacción u objeto lógico de negocio crítico con estados definidos por ley.",Yes,Yes,Yes,Yes,Yes,CREATE,validated
RAIA-SD-107,"Transferencia de Aportaciones","Objeto de Transferencia de Aportaciones",primary-control-record,Yes,"Administra una transacción u objeto lógico de negocio crítico con estados definidos por ley.",Yes,Yes,Yes,Yes,Yes,CREATE,validated
RAIA-SD-108,"Devolución de Aportaciones","Objeto de Devolución de Aportaciones",primary-control-record,Yes,"Administra una transacción u objeto lógico de negocio crítico con estados definidos por ley.",Yes,Yes,Yes,Yes,Yes,CREATE,validated
RAIA-SD-109,"Aclaración de Diferencias de Recaudación","Objeto de Aclaración de Diferencias de Recaudación",stateless-capability,No,"El Service Domain ejecuta validaciones o consultas operativas sin persistir un ciclo de vida propio.",No,Yes,Yes,Yes,Yes,MARK_STATELESS,validated
RAIA-SD-110,"Asignación a SIEFORE Generacional","Objeto de Asignación a SIEFORE Generacional",stateless-capability,No,"El Service Domain ejecuta validaciones o consultas operativas sin persistir un ciclo de vida propio.",No,Yes,Yes,Yes,Yes,MARK_STATELESS,validated
RAIA-SD-111,"Estrategia de Inversión","Objeto de Estrategia de Inversión",stateless-capability,No,"El Service Domain ejecuta validaciones o consultas operativas sin persistir un ciclo de vida propio.",No,Yes,Yes,Yes,Yes,MARK_STATELESS,validated
RAIA-SD-112,"Construcción de Portafolio","Objeto de Construcción de Portafolio",stateless-capability,No,"El Service Domain ejecuta validaciones o consultas operativas sin persistir un ciclo de vida propio.",No,Yes,Yes,Yes,Yes,MARK_STATELESS,validated
RAIA-SD-113,"Gestión de Mandatos de Inversión","Objeto de Gestión de Mandatos de Inversión",stateless-capability,No,"El Service Domain ejecuta validaciones o consultas operativas sin persistir un ciclo de vida propio.",No,Yes,Yes,Yes,Yes,MARK_STATELESS,validated
RAIA-SD-114,"Gestión de Benchmark","Objeto de Gestión de Benchmark",stateless-capability,No,"El Service Domain ejecuta validaciones o consultas operativas sin persistir un ciclo de vida propio.",No,Yes,Yes,Yes,Yes,MARK_STATELESS,validated
RAIA-SD-115,"Gestión de Clases de Activos","Objeto de Gestión de Clases de Activos",stateless-capability,No,"El Service Domain ejecuta validaciones o consultas operativas sin persistir un ciclo de vida propio.",No,Yes,Yes,Yes,Yes,MARK_STATELESS,validated
RAIA-SD-116,"Diseño de Portafolio Objetivo","Objeto de Diseño de Portafolio Objetivo",stateless-capability,No,"El Service Domain ejecuta validaciones o consultas operativas sin persistir un ciclo de vida propio.",No,Yes,Yes,Yes,Yes,MARK_STATELESS,validated
RAIA-SD-117,"Ejecución de Operaciones","Objeto de Ejecución de Operaciones",primary-control-record,Yes,"Administra una transacción u objeto lógico de negocio crítico con estados definidos por ley.",Yes,Yes,Yes,Yes,Yes,CREATE,validated
RAIA-SD-118,"Custodia de Valores","Objeto de Custodia de Valores",stateless-capability,No,"El Service Domain ejecuta validaciones o consultas operativas sin persistir un ciclo de vida propio.",No,Yes,Yes,Yes,Yes,MARK_STATELESS,validated
RAIA-SD-119,"Liquidación de Operaciones","Objeto de Liquidación de Operaciones",primary-control-record,Yes,"Administra una transacción u objeto lógico de negocio crítico con estados definidos por ley.",Yes,Yes,Yes,Yes,Yes,CREATE,validated
RAIA-SD-120,"Acciones Corporativas","Objeto de Acciones Corporativas",stateless-capability,No,"El Service Domain ejecuta validaciones o consultas operativas sin persistir un ciclo de vida propio.",No,Yes,Yes,Yes,Yes,MARK_STATELESS,validated
RAIA-SD-121,"Administración de Derivados","Objeto de Administración de Derivados",stateless-capability,No,"El Service Domain ejecuta validaciones o consultas operativas sin persistir un ciclo de vida propio.",No,Yes,Yes,Yes,Yes,MARK_STATELESS,validated
RAIA-SD-122,"Gestión de Liquidez","Objeto de Gestión de Liquidez",stateless-capability,No,"El Service Domain ejecuta validaciones o consultas operativas sin persistir un ciclo de vida propio.",No,Yes,Yes,Yes,Yes,MARK_STATELESS,validated
RAIA-SD-123,"Préstamo de Valores","Objeto de Préstamo de Valores",stateless-capability,No,"El Service Domain ejecuta validaciones o consultas operativas sin persistir un ciclo de vida propio.",No,Yes,Yes,Yes,Yes,MARK_STATELESS,validated
RAIA-SD-124,"Gestión de Contrapartes","Objeto de Gestión de Contrapartes",stateless-capability,No,"El Service Domain ejecuta validaciones o consultas operativas sin persistir un ciclo de vida propio.",No,Yes,Yes,Yes,Yes,MARK_STATELESS,validated
RAIA-SD-125,"Gestión de Instrucciones de Inversión","Objeto de Gestión de Instrucciones de Inversión",stateless-capability,No,"El Service Domain ejecuta validaciones o consultas operativas sin persistir un ciclo de vida propio.",No,Yes,Yes,Yes,Yes,MARK_STATELESS,validated
RAIA-SD-126,"Valuación de Instrumentos","Objeto de Valuación de Instrumentos",stateless-capability,No,"El Service Domain ejecuta validaciones o consultas operativas sin persistir un ciclo de vida propio.",No,Yes,Yes,Yes,Yes,MARK_STATELESS,validated
RAIA-SD-127,"Valuación de Portafolio","Objeto de Valuación de Portafolio",stateless-capability,No,"El Service Domain ejecuta validaciones o consultas operativas sin persistir un ciclo de vida propio.",No,Yes,Yes,Yes,Yes,MARK_STATELESS,validated
RAIA-SD-128,"Riesgo de Inversión","Objeto de Riesgo de Inversión",stateless-capability,No,"El Service Domain ejecuta validaciones o consultas operativas sin persistir un ciclo de vida propio.",No,Yes,Yes,Yes,Yes,MARK_STATELESS,validated
RAIA-SD-129,"Cumplimiento del Régimen de Inversión","Objeto de Cumplimiento del Régimen de Inversión",supporting-control-record,No,"Monitorea o resguarda información auxiliar de control para trazabilidad de auditoría.",Yes,Yes,Yes,Yes,Yes,LINK_EXISTING,validated
RAIA-SD-130,"Medición de Desempeño","Objeto de Medición de Desempeño",stateless-capability,No,"El Service Domain ejecuta validaciones o consultas operativas sin persistir un ciclo de vida propio.",No,Yes,Yes,Yes,Yes,MARK_STATELESS,validated
RAIA-SD-131,"Gestión de Límites y Exposición","Objeto de Gestión de Límites y Exposición",stateless-capability,No,"El Service Domain ejecuta validaciones o consultas operativas sin persistir un ciclo de vida propio.",No,Yes,Yes,Yes,Yes,MARK_STATELESS,validated
RAIA-SD-132,"Riesgo de Mercado","Objeto de Riesgo de Mercado",stateless-capability,No,"El Service Domain ejecuta validaciones o consultas operativas sin persistir un ciclo de vida propio.",No,Yes,Yes,Yes,Yes,MARK_STATELESS,validated
RAIA-SD-133,"Riesgo de Crédito de Inversiones","Objeto de Riesgo de Crédito de Inversiones",stateless-capability,No,"El Service Domain ejecuta validaciones o consultas operativas sin persistir un ciclo de vida propio.",No,Yes,Yes,Yes,Yes,MARK_STATELESS,validated
RAIA-SD-134,"Atribución de Rendimientos","Objeto de Atribución de Rendimientos",stateless-capability,No,"El Service Domain ejecuta validaciones o consultas operativas sin persistir un ciclo de vida propio.",No,Yes,Yes,Yes,Yes,MARK_STATELESS,validated
RAIA-SD-135,"Retiro de Ahorro Voluntario","Objeto de Retiro de Ahorro Voluntario",primary-control-record,Yes,"Administra una transacción u objeto lógico de negocio crítico con estados definidos por ley.",Yes,Yes,Yes,Yes,Yes,CREATE,validated
RAIA-SD-136,"Retiro Parcial por Desempleo","Objeto de Retiro Parcial por Desempleo",primary-control-record,Yes,"Administra una transacción u objeto lógico de negocio crítico con estados definidos por ley.",Yes,Yes,Yes,Yes,Yes,CREATE,validated
RAIA-SD-137,"Ayuda para Gastos de Matrimonio","Objeto de Ayuda para Gastos de Matrimonio",stateless-capability,No,"El Service Domain ejecuta validaciones o consultas operativas sin persistir un ciclo de vida propio.",No,Yes,Yes,Yes,Yes,MARK_STATELESS,validated
RAIA-SD-138,"Retiros Parciales Especiales","Objeto de Retiros Parciales Especiales",primary-control-record,Yes,"Administra una transacción u objeto lógico de negocio crítico con estados definidos por ley.",Yes,Yes,Yes,Yes,Yes,CREATE,validated
RAIA-SD-139,"Validación de Elegibilidad de Retiro","Objeto de Validación de Elegibilidad de Retiro",primary-control-record,Yes,"Administra una transacción u objeto lógico de negocio crítico con estados definidos por ley.",Yes,Yes,Yes,Yes,Yes,CREATE,validated
RAIA-SD-140,"Reintegro de Semanas o Recursos","Objeto de Reintegro de Semanas o Recursos",stateless-capability,No,"El Service Domain ejecuta validaciones o consultas operativas sin persistir un ciclo de vida propio.",No,Yes,Yes,Yes,Yes,MARK_STATELESS,validated
RAIA-SD-141,"Coordinación de Elegibilidad Pensionaria","Objeto de Coordinación de Elegibilidad Pensionaria",primary-control-record,Yes,"Administra una transacción u objeto lógico de negocio crítico con estados definidos por ley.",Yes,Yes,Yes,Yes,Yes,CREATE,validated
RAIA-SD-142,"Elección de Régimen Pensionario","Objeto de Elección de Régimen Pensionario",primary-control-record,Yes,"Administra una transacción u objeto lógico de negocio crítico con estados definidos por ley.",Yes,Yes,Yes,Yes,Yes,CREATE,validated
RAIA-SD-143,"Resolución de Pensión","Objeto de Resolución de Pensión",stateless-capability,No,"El Service Domain ejecuta validaciones o consultas operativas sin persistir un ciclo de vida propio.",No,Yes,Yes,Yes,Yes,MARK_STATELESS,validated
RAIA-SD-144,"Retiro Programado","Objeto de Retiro Programado",primary-control-record,Yes,"Administra una transacción u objeto lógico de negocio crítico con estados definidos por ley.",Yes,Yes,Yes,Yes,Yes,CREATE,validated
RAIA-SD-145,"Transferencia a Renta Vitalicia","Objeto de Transferencia a Renta Vitalicia",stateless-capability,No,"El Service Domain ejecuta validaciones o consultas operativas sin persistir un ciclo de vida propio.",No,Yes,Yes,Yes,Yes,MARK_STATELESS,validated
RAIA-SD-146,"Pensión Garantizada","Objeto de Pensión Garantizada",stateless-capability,No,"El Service Domain ejecuta validaciones o consultas operativas sin persistir un ciclo de vida propio.",No,Yes,Yes,Yes,Yes,MARK_STATELESS,validated
RAIA-SD-147,"Disposición Total de Recursos","Objeto de Disposición Total de Recursos",stateless-capability,No,"El Service Domain ejecuta validaciones o consultas operativas sin persistir un ciclo de vida propio.",No,Yes,Yes,Yes,Yes,MARK_STATELESS,validated
RAIA-SD-148,"Recuperación de Recursos de Vivienda","Objeto de Recuperación de Recursos de Vivienda",stateless-capability,No,"El Service Domain ejecuta validaciones o consultas operativas sin persistir un ciclo de vida propio.",No,Yes,Yes,Yes,Yes,MARK_STATELESS,validated
RAIA-SD-149,"Seguimiento de Pago Pensionario","Objeto de Seguimiento de Pago Pensionario",primary-control-record,Yes,"Administra una transacción u objeto lógico de negocio crítico con estados definidos por ley.",Yes,Yes,Yes,Yes,Yes,CREATE,validated
RAIA-SD-150,"Notificación de Fallecimiento","Objeto de Notificación de Fallecimiento",stateless-capability,No,"El Service Domain ejecuta validaciones o consultas operativas sin persistir un ciclo de vida propio.",No,Yes,Yes,Yes,Yes,MARK_STATELESS,validated
RAIA-SD-151,"Validación de Beneficiarios","Objeto de Validación de Beneficiarios",stateless-capability,No,"El Service Domain ejecuta validaciones o consultas operativas sin persistir un ciclo de vida propio.",No,Yes,Yes,Yes,Yes,MARK_STATELESS,validated
RAIA-SD-152,"Prestaciones de Sobrevivencia","Objeto de Prestaciones de Sobrevivencia",stateless-capability,No,"El Service Domain ejecuta validaciones o consultas operativas sin persistir un ciclo de vida propio.",No,Yes,Yes,Yes,Yes,MARK_STATELESS,validated
RAIA-SD-153,"Distribución de Recursos a Beneficiarios","Objeto de Distribución de Recursos a Beneficiarios",stateless-capability,No,"El Service Domain ejecuta validaciones o consultas operativas sin persistir un ciclo de vida propio.",No,Yes,Yes,Yes,Yes,MARK_STATELESS,validated
RAIA-SD-154,"Gestión de Recursos No Reclamados","Objeto de Gestión de Recursos No Reclamados",stateless-capability,No,"El Service Domain ejecuta validaciones o consultas operativas sin persistir un ciclo de vida propio.",No,Yes,Yes,Yes,Yes,MARK_STATELESS,validated
RAIA-SD-155,"Resolución de Derechos de Beneficiarios","Objeto de Resolución de Derechos de Beneficiarios",stateless-capability,No,"El Service Domain ejecuta validaciones o consultas operativas sin persistir un ciclo de vida propio.",No,Yes,Yes,Yes,Yes,MARK_STATELESS,validated
RAIA-SD-156,"Identificación de Cuentas Elegibles","Objeto de Identificación de Cuentas Elegibles",primary-control-record,Yes,"Administra una transacción u objeto lógico de negocio crítico con estados definidos por ley.",Yes,Yes,Yes,Yes,Yes,CREATE,validated
RAIA-SD-157,"Transferencia de Recursos al Fondo","Objeto de Transferencia de Recursos al Fondo",stateless-capability,No,"El Service Domain ejecuta validaciones o consultas operativas sin persistir un ciclo de vida propio.",No,Yes,Yes,Yes,Yes,MARK_STATELESS,validated
RAIA-SD-158,"Coordinación de Complemento Pensionario","Objeto de Coordinación de Complemento Pensionario",primary-control-record,Yes,"Administra una transacción u objeto lógico de negocio crítico con estados definidos por ley.",Yes,Yes,Yes,Yes,Yes,CREATE,validated
RAIA-SD-159,"Reintegro de Recursos","Objeto de Reintegro de Recursos",stateless-capability,No,"El Service Domain ejecuta validaciones o consultas operativas sin persistir un ciclo de vida propio.",No,Yes,Yes,Yes,Yes,MARK_STATELESS,validated
RAIA-SD-160,"Trazabilidad de Derechos","Objeto de Trazabilidad de Derechos",stateless-capability,No,"El Service Domain ejecuta validaciones o consultas operativas sin persistir un ciclo de vida propio.",No,Yes,Yes,Yes,Yes,MARK_STATELESS,validated
RAIA-SD-161,"Conciliación con el Fondo","Objeto de Conciliación con el Fondo",stateless-capability,No,"El Service Domain ejecuta validaciones o consultas operativas sin persistir un ciclo de vida propio.",No,Yes,Yes,Yes,Yes,MARK_STATELESS,validated
RAIA-SD-162,"Atención Omnicanal","Objeto de Atención Omnicanal",stateless-capability,No,"El Service Domain ejecuta validaciones o consultas operativas sin persistir un ciclo de vida propio.",No,Yes,Yes,Yes,Yes,MARK_STATELESS,validated
RAIA-SD-163,"Autoservicio Digital","Objeto de Autoservicio Digital",stateless-capability,No,"El Service Domain ejecuta validaciones o consultas operativas sin persistir un ciclo de vida propio.",No,Yes,Yes,Yes,Yes,MARK_STATELESS,validated
RAIA-SD-164,"Aplicación Móvil","Objeto de Aplicación Móvil",stateless-capability,No,"El Service Domain ejecuta validaciones o consultas operativas sin persistir un ciclo de vida propio.",No,Yes,Yes,Yes,Yes,MARK_STATELESS,validated
RAIA-SD-165,"Portal Web","Objeto de Portal Web",stateless-capability,No,"El Service Domain ejecuta validaciones o consultas operativas sin persistir un ciclo de vida propio.",No,Yes,Yes,Yes,Yes,MARK_STATELESS,validated
RAIA-SD-166,"Centro de Contacto","Objeto de Centro de Contacto",stateless-capability,No,"El Service Domain ejecuta validaciones o consultas operativas sin persistir un ciclo de vida propio.",No,Yes,Yes,Yes,Yes,MARK_STATELESS,validated
RAIA-SD-167,"Atención en Sucursal","Objeto de Atención en Sucursal",stateless-capability,No,"El Service Domain ejecuta validaciones o consultas operativas sin persistir un ciclo de vida propio.",No,Yes,Yes,Yes,Yes,MARK_STATELESS,validated
RAIA-SD-168,"Correspondencia","Objeto de Correspondencia",stateless-capability,No,"El Service Domain ejecuta validaciones o consultas operativas sin persistir un ciclo de vida propio.",No,Yes,Yes,Yes,Yes,MARK_STATELESS,validated
RAIA-SD-169,"Notificaciones","Objeto de Notificaciones",stateless-capability,No,"El Service Domain ejecuta validaciones o consultas operativas sin persistir un ciclo de vida propio.",No,Yes,Yes,Yes,Yes,MARK_STATELESS,validated
RAIA-SD-170,"Gestión de Acceso a Canales","Objeto de Gestión de Acceso a Canales",stateless-capability,No,"El Service Domain ejecuta validaciones o consultas operativas sin persistir un ciclo de vida propio.",No,Yes,Yes,Yes,Yes,MARK_STATELESS,validated
RAIA-SD-171,"Historial de Interacciones","Objeto de Historial de Interacciones",stateless-capability,No,"El Service Domain ejecuta validaciones o consultas operativas sin persistir un ciclo de vida propio.",No,Yes,Yes,Yes,Yes,MARK_STATELESS,validated
RAIA-SD-172,"Gestión de Solicitudes de Servicio","Objeto de Gestión de Solicitudes de Servicio",stateless-capability,No,"El Service Domain ejecuta validaciones o consultas operativas sin persistir un ciclo de vida propio.",No,Yes,Yes,Yes,Yes,MARK_STATELESS,validated
RAIA-SD-173,"Gestión de Casos","Objeto de Gestión de Casos",stateless-capability,No,"El Service Domain ejecuta validaciones o consultas operativas sin persistir un ciclo de vida propio.",No,Yes,Yes,Yes,Yes,MARK_STATELESS,validated
RAIA-SD-174,"Gestión de Aclaraciones","Objeto de Gestión de Aclaraciones",stateless-capability,No,"El Service Domain ejecuta validaciones o consultas operativas sin persistir un ciclo de vida propio.",No,Yes,Yes,Yes,Yes,MARK_STATELESS,validated
RAIA-SD-175,"Gestión de Quejas","Objeto de Gestión de Quejas",stateless-capability,No,"El Service Domain ejecuta validaciones o consultas operativas sin persistir un ciclo de vida propio.",No,Yes,Yes,Yes,Yes,MARK_STATELESS,validated
RAIA-SD-176,"Coordinación con UNE","Objeto de Coordinación con UNE",stateless-capability,No,"El Service Domain ejecuta validaciones o consultas operativas sin persistir un ciclo de vida propio.",No,Yes,Yes,Yes,Yes,MARK_STATELESS,validated
RAIA-SD-177,"Interacción con CONDUSEF","Objeto de Interacción con CONDUSEF",stateless-capability,No,"El Service Domain ejecuta validaciones o consultas operativas sin persistir un ciclo de vida propio.",No,Yes,Yes,Yes,Yes,MARK_STATELESS,validated
RAIA-SD-178,"Gestión de Niveles de Servicio","Objeto de Gestión de Niveles de Servicio",stateless-capability,No,"El Service Domain ejecuta validaciones o consultas operativas sin persistir un ciclo de vida propio.",No,Yes,Yes,Yes,Yes,MARK_STATELESS,validated
RAIA-SD-179,"Análisis de Causa Raíz","Objeto de Análisis de Causa Raíz",stateless-capability,No,"El Service Domain ejecuta validaciones o consultas operativas sin persistir un ciclo de vida propio.",No,Yes,Yes,Yes,Yes,MARK_STATELESS,validated
RAIA-SD-180,"Seguimiento de Compromisos","Objeto de Seguimiento de Compromisos",stateless-capability,No,"El Service Domain ejecuta validaciones o consultas operativas sin persistir un ciclo de vida propio.",No,Yes,Yes,Yes,Yes,MARK_STATELESS,validated
RAIA-SD-181,"Educación Financiera y Previsional","Objeto de Educación Financiera y Previsional",stateless-capability,No,"El Service Domain ejecuta validaciones o consultas operativas sin persistir un ciclo de vida propio.",No,Yes,Yes,Yes,Yes,MARK_STATELESS,validated
RAIA-SD-182,"Gobierno de Publicidad","Objeto de Gobierno de Publicidad",stateless-capability,No,"El Service Domain ejecuta validaciones o consultas operativas sin persistir un ciclo de vida propio.",No,Yes,Yes,Yes,Yes,MARK_STATELESS,validated
RAIA-SD-183,"Gestión de Asesores Previsionales","Objeto de Gestión de Asesores Previsionales",stateless-capability,No,"El Service Domain ejecuta validaciones o consultas operativas sin persistir un ciclo de vida propio.",No,Yes,Yes,Yes,Yes,MARK_STATELESS,validated
RAIA-SD-184,"Gestión de Campañas","Objeto de Gestión de Campañas",stateless-capability,No,"El Service Domain ejecuta validaciones o consultas operativas sin persistir un ciclo de vida propio.",No,Yes,Yes,Yes,Yes,MARK_STATELESS,validated
RAIA-SD-185,"Gestión de Prospectos","Objeto de Gestión de Prospectos",stateless-capability,No,"El Service Domain ejecuta validaciones o consultas operativas sin persistir un ciclo de vida propio.",No,Yes,Yes,Yes,Yes,MARK_STATELESS,validated
RAIA-SD-186,"Conocimiento del Trabajador","Objeto de Conocimiento del Trabajador",stateless-capability,No,"El Service Domain ejecuta validaciones o consultas operativas sin persistir un ciclo de vida propio.",No,Yes,Yes,Yes,Yes,MARK_STATELESS,validated
RAIA-SD-187,"Medición de Satisfacción","Objeto de Medición de Satisfacción",stateless-capability,No,"El Service Domain ejecuta validaciones o consultas operativas sin persistir un ciclo de vida propio.",No,Yes,Yes,Yes,Yes,MARK_STATELESS,validated
RAIA-SD-188,"Gestión de Retroalimentación","Objeto de Gestión de Retroalimentación",stateless-capability,No,"El Service Domain ejecuta validaciones o consultas operativas sin persistir un ciclo de vida propio.",No,Yes,Yes,Yes,Yes,MARK_STATELESS,validated
RAIA-SD-189,"Comparación de Servicios y Rendimientos","Objeto de Comparación de Servicios y Rendimientos",stateless-capability,No,"El Service Domain ejecuta validaciones o consultas operativas sin persistir un ciclo de vida propio.",No,Yes,Yes,Yes,Yes,MARK_STATELESS,validated
RAIA-SD-190,"Base de Datos Nacional SAR","Objeto de Base de Datos Nacional SAR",stateless-capability,No,"El Service Domain ejecuta validaciones o consultas operativas sin persistir un ciclo de vida propio.",No,Yes,Yes,Yes,Yes,MARK_STATELESS,validated
RAIA-SD-191,"Registro Maestro de Cuentas","Objeto de Registro Maestro de Cuentas",primary-control-record,Yes,"Administra una transacción u objeto lógico de negocio crítico con estados definidos por ley.",Yes,Yes,Yes,Yes,Yes,CREATE,validated
RAIA-SD-192,"Registro Maestro de Trabajadores","Objeto de Registro Maestro de Trabajadores",primary-control-record,Yes,"Administra una transacción u objeto lógico de negocio crítico con estados definidos por ley.",Yes,Yes,Yes,Yes,Yes,CREATE,validated
RAIA-SD-193,"Registro Maestro de Participantes","Objeto de Registro Maestro de Participantes",primary-control-record,Yes,"Administra una transacción u objeto lógico de negocio crítico con estados definidos por ley.",Yes,Yes,Yes,Yes,Yes,CREATE,validated
RAIA-SD-194,"Datos de Referencia de Industria","Objeto de Datos de Referencia de Industria",stateless-capability,No,"El Service Domain ejecuta validaciones o consultas operativas sin persistir un ciclo de vida propio.",No,Yes,Yes,Yes,Yes,MARK_STATELESS,validated
RAIA-SD-195,"Calidad de Datos de Industria","Objeto de Calidad de Datos de Industria",stateless-capability,No,"El Service Domain ejecuta validaciones o consultas operativas sin persistir un ciclo de vida propio.",No,Yes,Yes,Yes,Yes,MARK_STATELESS,validated
RAIA-SD-196,"Calendario Operativo","Objeto de Calendario Operativo",stateless-capability,No,"El Service Domain ejecuta validaciones o consultas operativas sin persistir un ciclo de vida propio.",No,Yes,Yes,Yes,Yes,MARK_STATELESS,validated
RAIA-SD-197,"Catálogos de Industria","Objeto de Catálogos de Industria",stateless-capability,No,"El Service Domain ejecuta validaciones o consultas operativas sin persistir un ciclo de vida propio.",No,Yes,Yes,Yes,Yes,MARK_STATELESS,validated
RAIA-SD-198,"Orquestación Central de Procesos","Objeto de Orquestación Central de Procesos",stateless-capability,No,"El Service Domain ejecuta validaciones o consultas operativas sin persistir un ciclo de vida propio.",No,Yes,Yes,Yes,Yes,MARK_STATELESS,validated
RAIA-SD-199,"Intercambio de Información Regulatoria","Objeto de Intercambio de Información Regulatoria",stateless-capability,No,"El Service Domain ejecuta validaciones o consultas operativas sin persistir un ciclo de vida propio.",No,Yes,Yes,Yes,Yes,MARK_STATELESS,validated
RAIA-SD-200,"Coordinación de Transferencias de Recursos","Objeto de Coordinación de Transferencias de Recursos",stateless-capability,No,"El Service Domain ejecuta validaciones o consultas operativas sin persistir un ciclo de vida propio.",No,Yes,Yes,Yes,Yes,MARK_STATELESS,validated
RAIA-SD-201,"Compensación entre Participantes","Objeto de Compensación entre Participantes",stateless-capability,No,"El Service Domain ejecuta validaciones o consultas operativas sin persistir un ciclo de vida propio.",No,Yes,Yes,Yes,Yes,MARK_STATELESS,validated
RAIA-SD-202,"Hub de Eventos y Notificaciones","Objeto de Hub de Eventos y Notificaciones",stateless-capability,No,"El Service Domain ejecuta validaciones o consultas operativas sin persistir un ciclo de vida propio.",No,Yes,Yes,Yes,Yes,MARK_STATELESS,validated
RAIA-SD-203,"Validación de Identidad de Industria","Objeto de Validación de Identidad de Industria",primary-control-record,Yes,"Administra una transacción u objeto lógico de negocio crítico con estados definidos por ley.",Yes,Yes,Yes,Yes,Yes,CREATE,validated
RAIA-SD-204,"Validación Biométrica de Industria","Objeto de Validación Biométrica de Industria",stateless-capability,No,"El Service Domain ejecuta validaciones o consultas operativas sin persistir un ciclo de vida propio.",No,Yes,Yes,Yes,Yes,MARK_STATELESS,validated
RAIA-SD-205,"Gestión de Folios y Acuses","Objeto de Gestión de Folios y Acuses",stateless-capability,No,"El Service Domain ejecuta validaciones o consultas operativas sin persistir un ciclo de vida propio.",No,Yes,Yes,Yes,Yes,MARK_STATELESS,validated
RAIA-SD-206,"Monitoreo de Procesos de Industria","Objeto de Monitoreo de Procesos de Industria",stateless-capability,No,"El Service Domain ejecuta validaciones o consultas operativas sin persistir un ciclo de vida propio.",No,Yes,Yes,Yes,Yes,MARK_STATELESS,validated
RAIA-SD-207,"Integración con IMSS","Objeto de Integración con IMSS",stateless-capability,No,"El Service Domain ejecuta validaciones o consultas operativas sin persistir un ciclo de vida propio.",No,Yes,Yes,Yes,Yes,MARK_STATELESS,validated
RAIA-SD-208,"Integración con ISSSTE","Objeto de Integración con ISSSTE",stateless-capability,No,"El Service Domain ejecuta validaciones o consultas operativas sin persistir un ciclo de vida propio.",No,Yes,Yes,Yes,Yes,MARK_STATELESS,validated
RAIA-SD-209,"Integración con INFONAVIT","Objeto de Integración con INFONAVIT",stateless-capability,No,"El Service Domain ejecuta validaciones o consultas operativas sin persistir un ciclo de vida propio.",No,Yes,Yes,Yes,Yes,MARK_STATELESS,validated
RAIA-SD-210,"Integración con FOVISSSTE","Objeto de Integración con FOVISSSTE",stateless-capability,No,"El Service Domain ejecuta validaciones o consultas operativas sin persistir un ciclo de vida propio.",No,Yes,Yes,Yes,Yes,MARK_STATELESS,validated
RAIA-SD-211,"Integración con Instituciones Bancarias","Objeto de Integración con Instituciones Bancarias",stateless-capability,No,"El Service Domain ejecuta validaciones o consultas operativas sin persistir un ciclo de vida propio.",No,Yes,Yes,Yes,Yes,MARK_STATELESS,validated
RAIA-SD-212,"Integración con Aseguradoras","Objeto de Integración con Aseguradoras",stateless-capability,No,"El Service Domain ejecuta validaciones o consultas operativas sin persistir un ciclo de vida propio.",No,Yes,Yes,Yes,Yes,MARK_STATELESS,validated
RAIA-SD-213,"Integración con Custodios y Mercados","Objeto de Integración con Custodios y Mercados",stateless-capability,No,"El Service Domain ejecuta validaciones o consultas operativas sin persistir un ciclo de vida propio.",No,Yes,Yes,Yes,Yes,MARK_STATELESS,validated
RAIA-SD-214,"Integración con Autoridades Fiscales","Objeto de Integración con Autoridades Fiscales",stateless-capability,No,"El Service Domain ejecuta validaciones o consultas operativas sin persistir un ciclo de vida propio.",No,Yes,Yes,Yes,Yes,MARK_STATELESS,validated
RAIA-SD-215,"Integración con Entidades Recaudadoras","Objeto de Integración con Entidades Recaudadoras",stateless-capability,No,"El Service Domain ejecuta validaciones o consultas operativas sin persistir un ciclo de vida propio.",No,Yes,Yes,Yes,Yes,MARK_STATELESS,validated
RAIA-SD-216,"Gobierno de Datos","Objeto de Gobierno de Datos",stateless-capability,No,"El Service Domain ejecuta validaciones o consultas operativas sin persistir un ciclo de vida propio.",No,Yes,Yes,Yes,Yes,MARK_STATELESS,validated
RAIA-SD-217,"Metadatos y Linaje","Objeto de Metadatos y Linaje",stateless-capability,No,"El Service Domain ejecuta validaciones o consultas operativas sin persistir un ciclo de vida propio.",No,Yes,Yes,Yes,Yes,MARK_STATELESS,validated
RAIA-SD-218,"Calidad de Datos Empresarial","Objeto de Calidad de Datos Empresarial",stateless-capability,No,"El Service Domain ejecuta validaciones o consultas operativas sin persistir un ciclo de vida propio.",No,Yes,Yes,Yes,Yes,MARK_STATELESS,validated
RAIA-SD-219,"Privacidad y Protección de Datos","Objeto de Privacidad y Protección de Datos",stateless-capability,No,"El Service Domain ejecuta validaciones o consultas operativas sin persistir un ciclo de vida propio.",No,Yes,Yes,Yes,Yes,MARK_STATELESS,validated
RAIA-SD-220,"Gestión de Identidades y Accesos","Objeto de Gestión de Identidades y Accesos",primary-control-record,Yes,"Administra una transacción u objeto lógico de negocio crítico con estados definidos por ley.",Yes,Yes,Yes,Yes,Yes,CREATE,validated
RAIA-SD-221,"Criptografía y Gestión de Secretos","Objeto de Criptografía y Gestión de Secretos",stateless-capability,No,"El Service Domain ejecuta validaciones o consultas operativas sin persistir un ciclo de vida propio.",No,Yes,Yes,Yes,Yes,MARK_STATELESS,validated
RAIA-SD-222,"Inteligencia de Amenazas","Objeto de Inteligencia de Amenazas",analytical-capability,No,"Genera resúmenes ejecutivos e inteligencia de negocio a partir de datos transaccionales.",No,Yes,Yes,Yes,Yes,MARK_ANALYTICAL,validated
RAIA-SD-223,"Desarrollo Seguro","Objeto de Desarrollo Seguro",stateless-capability,No,"El Service Domain ejecuta validaciones o consultas operativas sin persistir un ciclo de vida propio.",No,Yes,Yes,Yes,Yes,MARK_STATELESS,validated
RAIA-SD-224,"Gestión de Vulnerabilidades","Objeto de Gestión de Vulnerabilidades",stateless-capability,No,"El Service Domain ejecuta validaciones o consultas operativas sin persistir un ciclo de vida propio.",No,Yes,Yes,Yes,Yes,MARK_STATELESS,validated
RAIA-SD-225,"Operaciones de Tecnología","Objeto de Operaciones de Tecnología",primary-control-record,Yes,"Administra una transacción u objeto lógico de negocio crítico con estados definidos por ley.",Yes,Yes,Yes,Yes,Yes,CREATE,validated
RAIA-SD-226,"Ingeniería de Plataformas","Objeto de Ingeniería de Plataformas",stateless-capability,No,"El Service Domain ejecuta validaciones o consultas operativas sin persistir un ciclo de vida propio.",No,Yes,Yes,Yes,Yes,MARK_STATELESS,validated
RAIA-SD-227,"Gestión de APIs","Objeto de Gestión de APIs",stateless-capability,No,"El Service Domain ejecuta validaciones o consultas operativas sin persistir un ciclo de vida propio.",No,Yes,Yes,Yes,Yes,MARK_STATELESS,validated
RAIA-SD-228,"Plataforma de Eventos","Objeto de Plataforma de Eventos",stateless-capability,No,"El Service Domain ejecuta validaciones o consultas operativas sin persistir un ciclo de vida propio.",No,Yes,Yes,Yes,Yes,MARK_STATELESS,validated
RAIA-SD-229,"Plataforma de Integración","Objeto de Plataforma de Integración",stateless-capability,No,"El Service Domain ejecuta validaciones o consultas operativas sin persistir un ciclo de vida propio.",No,Yes,Yes,Yes,Yes,MARK_STATELESS,validated
RAIA-SD-230,"Observabilidad","Objeto de Observabilidad",stateless-capability,No,"El Service Domain ejecuta validaciones o consultas operativas sin persistir un ciclo de vida propio.",No,Yes,Yes,Yes,Yes,MARK_STATELESS,validated
RAIA-SD-231,"Gestión de Servicios de TI","Objeto de Gestión de Servicios de TI",stateless-capability,No,"El Service Domain ejecuta validaciones o consultas operativas sin persistir un ciclo de vida propio.",No,Yes,Yes,Yes,Yes,MARK_STATELESS,validated
RAIA-SD-232,"Gestión de Configuración","Objeto de Gestión de Configuración",stateless-capability,No,"El Service Domain ejecuta validaciones o consultas operativas sin persistir un ciclo de vida propio.",No,Yes,Yes,Yes,Yes,MARK_STATELESS,validated
RAIA-SD-233,"Gestión de Capacidad","Objeto de Gestión de Capacidad",stateless-capability,No,"El Service Domain ejecuta validaciones o consultas operativas sin persistir un ciclo de vida propio.",No,Yes,Yes,Yes,Yes,MARK_STATELESS,validated
RAIA-SD-234,"Gestión de Ambientes","Objeto de Gestión de Ambientes",stateless-capability,No,"El Service Domain ejecuta validaciones o consultas operativas sin persistir un ciclo de vida propio.",No,Yes,Yes,Yes,Yes,MARK_STATELESS,validated
RAIA-SD-235,"Automatización y CI/CD","Objeto de Automatización y CI/CD",stateless-capability,No,"El Service Domain ejecuta validaciones o consultas operativas sin persistir un ciclo de vida propio.",No,Yes,Yes,Yes,Yes,MARK_STATELESS,validated
RAIA-SD-236,"Recuperación Tecnológica","Objeto de Recuperación Tecnológica",stateless-capability,No,"El Service Domain ejecuta validaciones o consultas operativas sin persistir un ciclo de vida propio.",No,Yes,Yes,Yes,Yes,MARK_STATELESS,validated
RAIA-SD-237,"Contabilidad Financiera","Objeto de Contabilidad Financiera",stateless-capability,No,"El Service Domain ejecuta validaciones o consultas operativas sin persistir un ciclo de vida propio.",No,Yes,Yes,Yes,Yes,MARK_STATELESS,validated
RAIA-SD-238,"Gestión Financiera de Tecnología","Objeto de Gestión Financiera de Tecnología",stateless-capability,No,"El Service Domain ejecuta validaciones o consultas operativas sin persistir un ciclo de vida propio.",No,Yes,Yes,Yes,Yes,MARK_STATELESS,validated
RAIA-SD-239,"Compras","Objeto de Compras",stateless-capability,No,"El Service Domain ejecuta validaciones o consultas operativas sin persistir un ciclo de vida propio.",No,Yes,Yes,Yes,Yes,MARK_STATELESS,validated
RAIA-SD-240,"Gestión de Proveedores","Objeto de Gestión de Proveedores",stateless-capability,No,"El Service Domain ejecuta validaciones o consultas operativas sin persistir un ciclo de vida propio.",No,Yes,Yes,Yes,Yes,MARK_STATELESS,validated
RAIA-SD-241,"Gestión de Capital Humano","Objeto de Gestión de Capital Humano",stateless-capability,No,"El Service Domain ejecuta validaciones o consultas operativas sin persistir un ciclo de vida propio.",No,Yes,Yes,Yes,Yes,MARK_STATELESS,validated
RAIA-SD-242,"Servicios Jurídicos","Objeto de Servicios Jurídicos",stateless-capability,No,"El Service Domain ejecuta validaciones o consultas operativas sin persistir un ciclo de vida propio.",No,Yes,Yes,Yes,Yes,MARK_STATELESS,validated
RAIA-SD-243,"Gestión de Registros","Objeto de Gestión de Registros",primary-control-record,Yes,"Administra una transacción u objeto lógico de negocio crítico con estados definidos por ley.",Yes,Yes,Yes,Yes,Yes,CREATE,validated
RAIA-SD-244,"Arquitectura Empresarial","Objeto de Arquitectura Empresarial",stateless-capability,No,"El Service Domain ejecuta validaciones o consultas operativas sin persistir un ciclo de vida propio.",No,Yes,Yes,Yes,Yes,MARK_STATELESS,validated
RAIA-SD-245,"Gestión de Portafolio Empresarial","Objeto de Gestión de Portafolio Empresarial",stateless-capability,No,"El Service Domain ejecuta validaciones o consultas operativas sin persistir un ciclo de vida propio.",No,Yes,Yes,Yes,Yes,MARK_STATELESS,validated
RAIA-SD-246,"Gestión de Contratos","Objeto de Gestión de Contratos",stateless-capability,No,"El Service Domain ejecuta validaciones o consultas operativas sin persistir un ciclo de vida propio.",No,Yes,Yes,Yes,Yes,MARK_STATELESS,validated
RAIA-SD-247,"Estrategia de Salida de Proveedores","Objeto de Estrategia de Salida de Proveedores",stateless-capability,No,"El Service Domain ejecuta validaciones o consultas operativas sin persistir un ciclo de vida propio.",No,Yes,Yes,Yes,Yes,MARK_STATELESS,validated
RAIA-SD-248,"Gobierno de Arquitectura Empresarial","Objeto de Gobierno de Arquitectura Empresarial",stateless-capability,No,"El Service Domain ejecuta validaciones o consultas operativas sin persistir un ciclo de vida propio.",No,Yes,Yes,Yes,Yes,MARK_STATELESS,validated
RAIA-SD-249,"Estándares y Lineamientos","Objeto de Estándares y Lineamientos",stateless-capability,No,"El Service Domain ejecuta validaciones o consultas operativas sin persistir un ciclo de vida propio.",No,Yes,Yes,Yes,Yes,MARK_STATELESS,validated
RAIA-SD-250,"Catálogo de Patrones","Objeto de Catálogo de Patrones",stateless-capability,No,"El Service Domain ejecuta validaciones o consultas operativas sin persistir un ciclo de vida propio.",No,Yes,Yes,Yes,Yes,MARK_STATELESS,validated
RAIA-SD-251,"Autoridad de Diseño de Soluciones","Objeto de Autoridad de Diseño de Soluciones",stateless-capability,No,"El Service Domain ejecuta validaciones o consultas operativas sin persistir un ciclo de vida propio.",No,Yes,Yes,Yes,Yes,MARK_STATELESS,validated
RAIA-SD-252,"Radar Tecnológico","Objeto de Radar Tecnológico",stateless-capability,No,"El Service Domain ejecuta validaciones o consultas operativas sin persistir un ciclo de vida propio.",No,Yes,Yes,Yes,Yes,MARK_STATELESS,validated
RAIA-SD-253,"Gestión de Deuda Técnica","Objeto de Gestión de Deuda Técnica",stateless-capability,No,"El Service Domain ejecuta validaciones o consultas operativas sin persistir un ciclo de vida propio.",No,Yes,Yes,Yes,Yes,MARK_STATELESS,validated
RAIA-SD-254,"Gestión de Excepciones Arquitectónicas","Objeto de Gestión de Excepciones Arquitectónicas",stateless-capability,No,"El Service Domain ejecuta validaciones o consultas operativas sin persistir un ciclo de vida propio.",No,Yes,Yes,Yes,Yes,MARK_STATELESS,validated
RAIA-SD-255,"Arquitecturas de Referencia","Objeto de Arquitecturas de Referencia",stateless-capability,No,"El Service Domain ejecuta validaciones o consultas operativas sin persistir un ciclo de vida propio.",No,Yes,Yes,Yes,Yes,MARK_STATELESS,validated
RAIA-SD-256,"Analítica Regulatoria","Objeto de Analítica Regulatoria",stateless-capability,No,"El Service Domain ejecuta validaciones o consultas operativas sin persistir un ciclo de vida propio.",No,Yes,Yes,Yes,Yes,MARK_STATELESS,validated
RAIA-SD-257,"Modelos Actuariales","Objeto de Modelos Actuariales",stateless-capability,No,"El Service Domain ejecuta validaciones o consultas operativas sin persistir un ciclo de vida propio.",No,Yes,Yes,Yes,Yes,MARK_STATELESS,validated
RAIA-SD-258,"Modelos de Inversión","Objeto de Modelos de Inversión",stateless-capability,No,"El Service Domain ejecuta validaciones o consultas operativas sin persistir un ciclo de vida propio.",No,Yes,Yes,Yes,Yes,MARK_STATELESS,validated
RAIA-SD-259,"Modelos de Comportamiento del Trabajador","Objeto de Modelos de Comportamiento del Trabajador",stateless-capability,No,"El Service Domain ejecuta validaciones o consultas operativas sin persistir un ciclo de vida propio.",No,Yes,Yes,Yes,Yes,MARK_STATELESS,validated
RAIA-SD-260,"Modelos de Fraude","Objeto de Modelos de Fraude",stateless-capability,No,"El Service Domain ejecuta validaciones o consultas operativas sin persistir un ciclo de vida propio.",No,Yes,Yes,Yes,Yes,MARK_STATELESS,validated
RAIA-SD-261,"Gobierno de Inteligencia Artificial","Objeto de Gobierno de Inteligencia Artificial",analytical-capability,No,"Genera resúmenes ejecutivos e inteligencia de negocio a partir de datos transaccionales.",No,Yes,Yes,Yes,Yes,MARK_ANALYTICAL,validated
RAIA-SD-262,"Plataforma de Ciencia de Datos","Objeto de Plataforma de Ciencia de Datos",stateless-capability,No,"El Service Domain ejecuta validaciones o consultas operativas sin persistir un ciclo de vida propio.",No,Yes,Yes,Yes,Yes,MARK_STATELESS,validated
RAIA-SD-263,"Gestión del Ciclo de Vida de Modelos","Objeto de Gestión del Ciclo de Vida de Modelos",stateless-capability,No,"El Service Domain ejecuta validaciones o consultas operativas sin persistir un ciclo de vida propio.",No,Yes,Yes,Yes,Yes,MARK_STATELESS,validated
RAIA-SD-264,"Monitoreo de Modelos","Objeto de Monitoreo de Modelos",stateless-capability,No,"El Service Domain ejecuta validaciones o consultas operativas sin persistir un ciclo de vida propio.",No,Yes,Yes,Yes,Yes,MARK_STATELESS,validated
RAIA-SD-265,"Diseño de Servicios","Objeto de Diseño de Servicios",stateless-capability,No,"El Service Domain ejecuta validaciones o consultas operativas sin persistir un ciclo de vida propio.",No,Yes,Yes,Yes,Yes,MARK_STATELESS,validated
RAIA-SD-266,"Portafolio de Innovación","Objeto de Portafolio de Innovación",stateless-capability,No,"El Service Domain ejecuta validaciones o consultas operativas sin persistir un ciclo de vida propio.",No,Yes,Yes,Yes,Yes,MARK_STATELESS,validated
RAIA-SD-267,"Investigación de Industria","Objeto de Investigación de Industria",stateless-capability,No,"El Service Domain ejecuta validaciones o consultas operativas sin persistir un ciclo de vida propio.",No,Yes,Yes,Yes,Yes,MARK_STATELESS,validated
RAIA-SD-268,"Sandbox Regulatorio","Objeto de Sandbox Regulatorio",stateless-capability,No,"El Service Domain ejecuta validaciones o consultas operativas sin persistir un ciclo de vida propio.",No,Yes,Yes,Yes,Yes,MARK_STATELESS,validated
RAIA-SD-269,"Gestión del Conocimiento","Objeto de Gestión del Conocimiento",stateless-capability,No,"El Service Domain ejecuta validaciones o consultas operativas sin persistir un ciclo de vida propio.",No,Yes,Yes,Yes,Yes,MARK_STATELESS,validated
RAIA-SD-270,"Gestión del Cambio y Adopción","Objeto de Gestión del Cambio y Adopción",stateless-capability,No,"El Service Domain ejecuta validaciones o consultas operativas sin persistir un ciclo de vida propio.",No,Yes,Yes,Yes,Yes,MARK_STATELESS,validated
RAIA-SD-271,"Capacitación y Certificación","Objeto de Capacitación y Certificación",stateless-capability,No,"El Service Domain ejecuta validaciones o consultas operativas sin persistir un ciclo de vida propio.",No,Yes,Yes,Yes,Yes,MARK_STATELESS,validated
RAIA-SD-272,"Mejora Continua","Objeto de Mejora Continua",stateless-capability,No,"El Service Domain ejecuta validaciones o consultas operativas sin persistir un ciclo de vida propio.",No,Yes,Yes,Yes,Yes,MARK_STATELESS,validated
RAIA-SD-273,"Gestión de Comunidad RAIA","Objeto de Gestión de Comunidad RAIA",stateless-capability,No,"El Service Domain ejecuta validaciones o consultas operativas sin persistir un ciclo de vida propio.",No,Yes,Yes,Yes,Yes,MARK_STATELESS,validated