Service Domain ID,Business Area,Business Domain,Name,Landscape Layer,Capability Type,Focus Object,Accountable Participant,Applicable Regimes,Regulatory Criticality,Regulatory Sources,Articles,Coverage Status,Semantic Status,Recommended Action,Proposed Replacement or Split,Reviewer
RAIA-SD-041,Riesgo y Cumplimiento,Cumplimiento Normativo,Supervisión y Vigilancia de CONSAR,sector-governance,regulated-core,Expediente de Cumplimiento,CONSAR,Todas,systemic,RAIA-REG-LSAR,Art. 90,reviewed,aligned,KEEP,N/A,Legal-Audit-Team
RAIA-SD-072,Identidad y Partes,Datos del Trabajador,Identificación de Trabajador,industry-value-stream,regulated-core,Expediente de Identificación,AFORE,Todas,high,RAIA-REG-CONSAR-OP,Art. 15,reviewed,aligned,ENRICH,Geolocalización,Legal-Audit-Team
RAIA-SD-076,Identidad y Partes,Expediente y Firma,Autenticación y Firma Electrónica,industry-value-stream,regulated-core,Consentimiento Digital,AFORE,Todas,high,RAIA-REG-CONSAR-OP,Art. 22,partial,overlapping,SPLIT,Firma de Consentimiento / Enrolamiento Biométrico,Legal-Audit-Team
RAIA-SD-112,Afiliación y Cuenta,Traspasos,Traspaso de Cuenta entre Afores,industry-value-stream,regulated-core,Cuenta Individual,AFORE,Todas,systemic,RAIA-REG-LSAR;RAIA-REG-CONSAR-OP,Art. 37;Art. 120,reviewed,aligned,ENRICH,Riesgo Documental,Legal-Audit-Team
RAIA-SD-154,Recaudación y Aportaciones,Conciliación,Conciliación y Recepción de Aportaciones,industry-value-stream,regulated-core,Aportación,Empresa Operadora,Todas,high,RAIA-REG-CONSAR-OP,Art. 80,partial,aligned,ENRICH,Geolocalización Transaccional,Legal-Audit-Team
RAIA-SD-182,Inversión y SIEFORE,Portafolio de Inversión,Valuación de Instrumentos Financieros,industry-value-stream,regulated-core,Portafolio,SIEFORE,Todas,high,RAIA-REG-CONSAR-FI,Art. 45,partial,outdated,ENRICH,Valuación ASG Sostenible,Legal-Audit-Team
RAIA-SD-204,Retiros y Pensiones,Liquidación de Beneficios,Liquidación de Retiros de Cuenta,industry-value-stream,regulated-core,Solicitud de Retiro,AFORE,Todas,high,RAIA-REG-LSAR;RAIA-REG-FPB-RULES,Art. 37-A;Regla 4,partial,missing,SPLIT,Liquidación / Transferencia a Fondo Bienestar,Legal-Audit-Team
RAIA-SD-243,Servicios Compartidos,Intercambio de Información,Intercambio de Información BDNSAR,industry-shared-service,industry-shared,Activo de Información,Empresa Operadora,Todas,high,RAIA-REG-CONSAR-OP,Art. 182,unmapped,unverifiable,ENRICH,Relaciones Reconstruidas,Legal-Audit-Team
RAIA-SD-270,Capacidades Habilitadoras,Seguridad,Ciberseguridad y Canales Digitales,enterprise-enabler,enterprise-enabler,Bitácora de Eventos,AFORE,Todas,high,RAIA-REG-CONSAR-OP,Art. 210,partial,aligned,KEEP,N/A,Legal-Audit-Team
